source,triangle_clean_dice,triangle_clean_iou,triangle_clean_precision,triangle_clean_sensitivity,triangle_clean_specificity,triangle_clean_pred_density,triangle_clean_gt_density,triangle_clean_auprc,triangle_clean_roc_auc,final_binary_dice,final_binary_iou,final_binary_precision,final_binary_sensitivity,final_binary_specificity,final_binary_pred_density,final_binary_gt_density
RetCam,0.467890186633295,0.3081387498995124,0.4396562996093789,0.5164263173263276,0.9315472788943738,0.11083658854166667,0.09519856770833333,0.3750050122091741,0.7312888029723619,0.120213681001996,0.06634561289375927,0.216244544394734,0.1093561970197094,0.9677901008639184,0.03779231770833334,0.09519856770833333
Neo,0.31495272178152434,0.18710419311769333,0.23231193127859856,0.49508683712566165,0.9178146395169264,0.10149739583333332,0.04796278211805556,0.24609254040335812,0.7152098524069954,0.2633020733196837,0.15559385942040563,0.19650817890255928,0.41086981422127733,0.9262090898234385,0.08866509331597222,0.04796278211805556
All,0.39142145420740965,0.24762147150860286,0.33598411544398876,0.5057565772259947,0.9246809592056501,0.1061669921875,0.07158067491319445,0.3105487763062661,0.7232493276896788,0.19175787716083986,0.11096973615708243,0.2063763616486467,0.26011300562049333,0.9469995953436785,0.06322870551215277,0.07158067491319445
